id,code,status,created_at,updated_at
,RAM5011677,,,
,RAM1255255,,,
,RAM4737563,,,
,RAM0937008,,,
,RAM7541764,,,
,RAM2144049,,,
,RAM2432822,,,
,RAM7367476,,,
,RAM1727142,,,
,RAM4077108,,,
,RAM7072872,,,
,RAM5428247,,,
,RAM2155078,,,
,RAM1837751,,,
,RAM4148151,,,
,RAM0531319,,,
,RAM8742774,,,
,RAM4382795,,,
,RAM7669990,,,
,RAM7100987,,,
,RAM7084591,,,
,RAM7060365,,,
,RAM5756507,,,
,RAM8820570,,,
,RAM1110587,,,
,RAM2177978,,,
,RAM5149998,,,
,RAM6422625,,,
,RAM4249350,,,
,RAM8315604,,,
,RAM4996563,,,
,RAM5627636,,,
,RAM7594026,,,
,RAM7498466,,,
,RAM5872588,,,
,RAM9195949,,,
,RAM7830175,,,
,RAM1380134,,,
,RAM6760311,,,
,RAM2382553,,,
,RAM9709811,,,
,RAM9253527,,,
,RAM5538279,,,
,RAM1287801,,,
,RAM0160294,,,
,RAM7422888,,,
,RAM1081953,,,
,RAM2032439,,,
,RAM1527883,,,
,RAM6287653,,,
,RAM4175325,,,
,RAM0741753,,,
,RAM1361777,,,
,RAM4815099,,,
,RAM3029661,,,
,RAM0077995,,,
,RAM6832007,,,
,RAM5314286,,,
,RAM8730976,,,
,RAM1870147,,,
,RAM2105653,,,
,RAM0882751,,,
,RAM0719409,,,
,RAM3997672,,,
,RAM7552872,,,
,RAM6331659,,,
,RAM3301206,,,
,RAM9444083,,,
,RAM5748554,,,
,RAM4980873,,,
,RAM8212074,,,
,RAM0291558,,,
,RAM9780198,,,
,RAM8333086,,,
,RAM7565278,,,
,RAM4551155,,,
,RAM8323635,,,
,RAM8619120,,,
,RAM9415339,,,
,RAM6274893,,,
,RAM8761648,,,
,RAM5498109,,,
,RAM2175629,,,
,RAM6954104,,,
,RAM4194964,,,
,RAM0416921,,,
,RAM9926331,,,
,RAM9630001,,,
,RAM5708781,,,
,RAM5906471,,,
,RAM5683728,,,
,RAM6798228,,,
,RAM4726661,,,
,RAM6667452,,,
,RAM6609532,,,
,RAM9201743,,,
,RAM1458293,,,
,RAM0489785,,,
,RAM9839055,,,
,RAM1847040,,,
,RAM8479574,,,
,RAM8101995,,,
,RAM3823685,,,
,RAM3407405,,,
,RAM8820438,,,
,RAM3765460,,,
,RAM4124006,,,
,RAM7495039,,,
,RAM7436693,,,
,RAM0449431,,,
,RAM1359360,,,
,RAM3407985,,,
,RAM2174979,,,
,RAM3519677,,,
,RAM9227953,,,
,RAM6849268,,,
,RAM8878794,,,
,RAM5942008,,,
,RAM3821541,,,
,RAM3606177,,,
,RAM7739530,,,
,RAM0987222,,,
,RAM6395889,,,
,RAM7254137,,,
,RAM5396920,,,
,RAM0341116,,,
,RAM0476000,,,
,RAM2907218,,,
,RAM1858291,,,
,RAM4789513,,,
,RAM2557417,,,
,RAM6408177,,,
,RAM0382037,,,
,RAM2427699,,,
,RAM3653326,,,
,RAM9636014,,,
,RAM6457808,,,
,RAM9294488,,,
,RAM8190531,,,
,RAM5386819,,,
,RAM8835742,,,
,RAM3719100,,,
,RAM3809501,,,
,RAM2594896,,,
,RAM0759666,,,
,RAM3477513,,,
,RAM2777588,,,
,RAM9954476,,,
,RAM6318054,,,
,RAM4311353,,,
,RAM9237065,,,
,RAM2008651,,,
,RAM7110588,,,
,RAM4372524,,,
,RAM4327277,,,
,RAM9379726,,,
,RAM7507965,,,
,RAM4970693,,,
,RAM9532456,,,
,RAM6836574,,,
,RAM3034421,,,
,RAM4716773,,,
,RAM8792118,,,
,RAM2366076,,,
,RAM4822509,,,
,RAM0166158,,,
,RAM8603044,,,
,RAM7128876,,,
,RAM9442730,,,
,RAM3281381,,,
,RAM3160463,,,
,RAM7890639,,,
,RAM2559494,,,
,RAM7130950,,,
,RAM8950438,,,
,RAM6932656,,,
,RAM0482108,,,
,RAM4829452,,,
,RAM9881950,,,
,RAM4037673,,,
,RAM2211145,,,
,RAM0655128,,,
,RAM1503474,,,
,RAM2390216,,,
,RAM9293591,,,
,RAM7198705,,,
,RAM9477812,,,
,RAM3268712,,,
,RAM2617125,,,
,RAM2502221,,,
,RAM2293002,,,
,RAM3339850,,,
,RAM3702608,,,
,RAM0003145,,,
,RAM3926954,,,
,RAM4864077,,,
,RAM0512072,,,
,RAM1961987,,,
,RAM4038133,,,
,RAM7541983,,,
,RAM9091000,,,
,RAM9941138,,,
,RAM8558045,,,
,RAM3158999,,,
,RAM8771301,,,
,RAM2907588,,,
,RAM6381230,,,
,RAM3255086,,,
,RAM6761415,,,
,RAM3949626,,,
,RAM1833393,,,
,RAM9191490,,,
,RAM4531556,,,
,RAM6961361,,,
,RAM4065227,,,
,RAM6208225,,,
,RAM9347929,,,
,RAM9351060,,,
,RAM4093874,,,
,RAM7078259,,,
,RAM3802435,,,
,RAM2896269,,,
,RAM4811130,,,
,RAM2287519,,,
,RAM9229065,,,
,RAM7613362,,,
,RAM6176817,,,
,RAM8357629,,,
,RAM7984409,,,
,RAM1925694,,,
,RAM3076420,,,
,RAM3765702,,,
,RAM4474613,,,
,RAM8440375,,,
,RAM4025811,,,
,RAM5575021,,,
,RAM2508116,,,
,RAM4718844,,,
,RAM8856744,,,
,RAM5781394,,,
,RAM2356961,,,
,RAM6384948,,,
,RAM6330250,,,
,RAM7403789,,,
,RAM3542076,,,
,RAM2530680,,,
,RAM0412643,,,
,RAM8975689,,,
,RAM4211360,,,
,RAM6027524,,,
,RAM1579406,,,
,RAM0541790,,,
,RAM5020326,,,
,RAM2582195,,,
,RAM7148743,,,
,RAM1222274,,,
,RAM0661368,,,
,RAM9535697,,,
,RAM1590348,,,
,RAM0995783,,,
,RAM5309483,,,
,RAM1234724,,,
,RAM3779920,,,
,RAM1431726,,,
,RAM9026075,,,
,RAM8314402,,,
,RAM4121032,,,
,RAM0068757,,,
,RAM1052230,,,
,RAM7315984,,,
,RAM6554159,,,
,RAM4548422,,,
,RAM5189762,,,
,RAM7000791,,,
,RAM0723384,,,
,RAM1891047,,,
,RAM7346971,,,
,RAM8167122,,,
,RAM2156334,,,
,RAM0145317,,,
,RAM3556356,,,
,RAM6834739,,,
,RAM4019235,,,
,RAM8664633,,,
,RAM3960309,,,
,RAM3607182,,,
,RAM4024977,,,
,RAM2897194,,,
,RAM9873883,,,
,RAM0698532,,,
,RAM6693508,,,
,RAM4550869,,,
,RAM7293474,,,
,RAM7833499,,,
,RAM6247982,,,
,RAM0776739,,,
,RAM8888759,,,
,RAM0996445,,,
,RAM5455465,,,
,RAM6521697,,,
,RAM0417400,,,
,RAM1878403,,,
,RAM4980962,,,
,RAM3159072,,,
,RAM5156478,,,
,RAM9345222,,,
,RAM2580001,,,
,RAM4664694,,,
,RAM1166423,,,
,RAM5445656,,,
,RAM1803530,,,
,RAM0518748,,,
,RAM0292330,,,
,RAM5240983,,,
,RAM6307886,,,
,RAM2383744,,,
,RAM4785025,,,
,RAM4613979,,,
,RAM4328967,,,
,RAM7513468,,,
,RAM7819297,,,
,RAM3055591,,,
,RAM5032250,,,
,RAM5991498,,,
,RAM8228721,,,
,RAM6525287,,,
,RAM3257210,,,
,RAM0548096,,,
,RAM3517330,,,
,RAM3769902,,,
,RAM2431704,,,
,RAM7058459,,,
,RAM9611601,,,
,RAM4607444,,,
,RAM1163433,,,
,RAM6275383,,,
,RAM2453124,,,
,RAM6664101,,,
,RAM4777729,,,
,RAM6929256,,,
,RAM7390590,,,
,RAM1504929,,,
,RAM7498805,,,
,RAM2861297,,,
,RAM0713042,,,
,RAM1190579,,,
,RAM1957834,,,
,RAM4917783,,,
,RAM8685414,,,
,RAM0849114,,,
,RAM4917261,,,
,RAM0609696,,,
,RAM4503281,,,
,RAM2634150,,,
,RAM5557043,,,
,RAM7604276,,,
,RAM5559399,,,
,RAM6765711,,,
,RAM8067487,,,
,RAM9366859,,,
,RAM1001394,,,
,RAM5233900,,,
,RAM0458014,,,
,RAM8043771,,,
,RAM7062412,,,
,RAM4906223,,,
,RAM9149477,,,
,RAM3325293,,,
,RAM5081611,,,
,RAM0096058,,,
,RAM3968645,,,
,RAM5000426,,,
,RAM9395333,,,
,RAM9526362,,,
,RAM9338432,,,
,RAM1140780,,,
,RAM9479817,,,
,RAM2251685,,,
,RAM1216974,,,
,RAM1814424,,,
,RAM6866101,,,
,RAM2842857,,,
,RAM0082406,,,
,RAM3395888,,,
,RAM3529395,,,
,RAM1965167,,,
,RAM7255197,,,
,RAM6584990,,,
,RAM1027246,,,
,RAM8350781,,,
,RAM9020669,,,
,RAM4628039,,,
,RAM6606699,,,
,RAM4274597,,,
,RAM5282060,,,
,RAM2700791,,,
,RAM1483411,,,
,RAM4386851,,,
,RAM7869517,,,
,RAM3347739,,,
,RAM9383254,,,
,RAM9585158,,,
,RAM5345288,,,
,RAM0086858,,,
,RAM2564228,,,
,RAM4954806,,,
,RAM9237862,,,
,RAM6186911,,,
,RAM1828731,,,
,RAM6269953,,,
,RAM2590225,,,
,RAM5320207,,,
,RAM3653324,,,
,RAM9811893,,,
,RAM3403167,,,
,RAM7220686,,,
,RAM2994901,,,
,RAM8926581,,,
,RAM7990689,,,
,RAM9650304,,,
,RAM2251916,,,
,RAM6893571,,,
,RAM4814725,,,
,RAM9440224,,,
,RAM6520093,,,
,RAM5240672,,,
,RAM9225916,,,
,RAM1154848,,,
,RAM2616065,,,
,RAM6666980,,,
,RAM4078972,,,
,RAM5707750,,,
,RAM8383688,,,
,RAM3088453,,,
,RAM8148643,,,
,RAM4587675,,,
,RAM8808324,,,
,RAM5097919,,,
,RAM5404035,,,
,RAM1343713,,,
,RAM6475194,,,
,RAM5828869,,,
,RAM2037238,,,
,RAM5033092,,,
,RAM4316450,,,
,RAM4782691,,,
,RAM4156716,,,
,RAM8618814,,,
,RAM2377340,,,
,RAM9456521,,,
,RAM4000516,,,
,RAM0261466,,,
,RAM8697462,,,
,RAM3016930,,,
,RAM2802041,,,
,RAM2096523,,,
,RAM3513716,,,
,RAM0654597,,,
,RAM4584816,,,
,RAM1624485,,,
,RAM2734186,,,
,RAM4348386,,,
,RAM3707080,,,
,RAM4075326,,,
,RAM8650805,,,
,RAM2747979,,,
,RAM3462762,,,
,RAM7904234,,,
,RAM8261192,,,
,RAM5100440,,,
,RAM6980174,,,
,RAM5790858,,,
,RAM2062397,,,
,RAM2876060,,,
,RAM1732276,,,
,RAM3908892,,,
,RAM9379073,,,
,RAM1951638,,,
,RAM6797333,,,
,RAM0083400,,,
,RAM0458427,,,
,RAM8370577,,,
,RAM1229595,,,
,RAM1808573,,,
,RAM5662331,,,
,RAM4650423,,,
,RAM5287557,,,
,RAM0544958,,,
,RAM5784754,,,
,RAM6037677,,,
,RAM4141999,,,
,RAM7587965,,,
,RAM6485222,,,
,RAM1422586,,,
,RAM7894057,,,
,RAM5603621,,,
,RAM6563718,,,
,RAM1895589,,,
,RAM0350854,,,
,RAM6309414,,,
,RAM2965190,,,
,RAM5304023,,,
,RAM1030468,,,
,RAM8998463,,,
,RAM9954783,,,
,RAM1220272,,,
,RAM5756850,,,
,RAM4444392,,,
,RAM3337350,,,
,RAM0921858,,,
,RAM1864341,,,
,RAM3638553,,,
,RAM9797363,,,
,RAM4222294,,,
,RAM8826868,,,
,RAM2074788,,,
,RAM3536923,,,
,RAM3411544,,,
,RAM5440011,,,
,RAM7051910,,,
,RAM7889404,,,
,RAM9941616,,,
,RAM0214797,,,
,RAM9648115,,,
,RAM9994010,,,
,RAM4972548,,,
,RAM6962522,,,
,RAM3002895,,,
,RAM7378434,,,
,RAM3402412,,,
,RAM0541947,,,
,RAM6105985,,,
,RAM6814773,,,
,RAM9615426,,,
,RAM7881242,,,
,RAM1070086,,,
,RAM3692587,,,
,RAM3110744,,,
,RAM2412107,,,
,RAM0224515,,,
,RAM1551683,,,
,RAM2993485,,,
,RAM1948647,,,
,RAM0409939,,,
,RAM7792980,,,
,RAM9270844,,,
,RAM2824011,,,
,RAM0194012,,,
,RAM5261290,,,
,RAM8655113,,,
,RAM8335657,,,
,RAM7906118,,,
,RAM0137426,,,
,RAM1676288,,,
,RAM8574124,,,
,RAM5938768,,,
,RAM2174733,,,
,RAM6471255,,,
,RAM1418219,,,
,RAM9778606,,,
,RAM6578554,,,
,RAM1622714,,,
,RAM3215707,,,
,RAM5608981,,,
,RAM2681704,,,
,RAM5215319,,,
,RAM8649531,,,
,RAM0372627,,,
,RAM7883602,,,
,RAM0040333,,,
,RAM1448694,,,
,RAM2513934,,,
,RAM3424175,,,
,RAM6466016,,,
,RAM9883243,,,
,RAM3074819,,,
,RAM9910547,,,
,RAM9201689,,,
,RAM4490769,,,
,RAM9649827,,,
,RAM4233592,,,
,RAM6840436,,,
,RAM1936034,,,
,RAM6378380,,,
,RAM8891924,,,
,RAM6063635,,,
,RAM9264200,,,
,RAM9574943,,,
,RAM3418287,,,
,RAM3010560,,,
,RAM5147774,,,
,RAM5904545,,,
,RAM0790372,,,
,RAM1336624,,,
,RAM2716805,,,
,RAM3217079,,,
,RAM4812411,,,
,RAM5635222,,,
,RAM8642990,,,
,RAM4062901,,,
,RAM7235491,,,
,RAM3297735,,,
,RAM7264631,,,
,RAM3240180,,,
,RAM3573304,,,
,RAM0643190,,,
,RAM4335773,,,
,RAM1848895,,,
,RAM9830608,,,
,RAM2536453,,,
,RAM9403999,,,
,RAM0510351,,,
,RAM5284331,,,
,RAM4530229,,,
,RAM7702544,,,
,RAM2720787,,,
,RAM2967302,,,
,RAM8139772,,,
,RAM2802436,,,
,RAM9035075,,,
,RAM2466392,,,
,RAM8867665,,,
,RAM0831788,,,
,RAM2456244,,,
,RAM6627518,,,
,RAM9421804,,,
,RAM0303344,,,
,RAM2579709,,,
,RAM1390000,,,
,RAM7802685,,,
,RAM1688102,,,
,RAM6844588,,,
,RAM4870303,,,
,RAM9493402,,,
,RAM6888573,,,
,RAM6080056,,,
,RAM0842934,,,
,RAM7023736,,,
,RAM8578959,,,
,RAM3026690,,,
,RAM8176006,,,
,RAM3873091,,,
,RAM6803254,,,
,RAM9123749,,,
,RAM3908947,,,
,RAM5792463,,,
,RAM7516842,,,
,RAM4857269,,,
,RAM4098092,,,
,RAM7569244,,,
,RAM6743440,,,
,RAM5637420,,,
,RAM2537766,,,
,RAM2335488,,,
,RAM7502513,,,
,RAM6782404,,,
,RAM4538234,,,
,RAM9280488,,,
,RAM8029825,,,
,RAM9478425,,,
,RAM3945755,,,
,RAM3525443,,,
,RAM7340918,,,
,RAM7717905,,,
,RAM9102817,,,
,RAM6786777,,,
,RAM8243678,,,
,RAM9362022,,,
,RAM7333772,,,
,RAM4225029,,,
,RAM9854617,,,
,RAM5194486,,,
,RAM0080761,,,
,RAM2846250,,,
,RAM9207060,,,
,RAM7139682,,,
,RAM9652317,,,
,RAM6673797,,,
,RAM6252591,,,
,RAM7180190,,,
,RAM2251073,,,
,RAM0590266,,,
,RAM8711572,,,
,RAM2227587,,,
,RAM1951144,,,
,RAM4798537,,,
,RAM5441362,,,
,RAM7063441,,,
,RAM8131778,,,
,RAM8893645,,,
,RAM5627494,,,
,RAM2970359,,,
,RAM2116952,,,
,RAM3757816,,,
,RAM3529566,,,
,RAM4644875,,,
,RAM2385012,,,
,RAM8970019,,,
,RAM5140485,,,
,RAM0765549,,,
,RAM3989158,,,
,RAM2384574,,,
,RAM6297409,,,
,RAM3882424,,,
,RAM7444962,,,
,RAM0575176,,,
,RAM5059565,,,
,RAM3255244,,,
,RAM6084120,,,
,RAM2979105,,,
,RAM6710782,,,
,RAM4959792,,,
,RAM8473298,,,
,RAM2796512,,,
,RAM9794200,,,
,RAM4161147,,,
,RAM6151678,,,
,RAM9435073,,,
,RAM6727913,,,
,RAM0563236,,,
,RAM8855603,,,
,RAM6023537,,,
,RAM7963094,,,
,RAM7721411,,,
,RAM0790085,,,
,RAM7807558,,,
,RAM2655498,,,
,RAM4454650,,,
,RAM6815664,,,
,RAM3641146,,,
,RAM1588547,,,
,RAM6664490,,,
,RAM9221031,,,
,RAM2014274,,,
,RAM0382703,,,
,RAM0667666,,,
,RAM8513422,,,
,RAM8025367,,,
,RAM9963325,,,
,RAM3860781,,,
,RAM5223585,,,
,RAM0508670,,,
,RAM2094847,,,
,RAM1761545,,,
,RAM1831584,,,
,RAM4272292,,,
,RAM3039542,,,
,RAM7726852,,,
,RAM7549273,,,
,RAM2197356,,,
,RAM8122581,,,
,RAM8463664,,,
,RAM9368452,,,
,RAM0344043,,,
,RAM2872741,,,
,RAM9337295,,,
,RAM2368127,,,
,RAM4940187,,,
,RAM0555971,,,
,RAM7164496,,,
,RAM9804187,,,
,RAM1403802,,,
,RAM8907165,,,
,RAM9522948,,,
,RAM7168242,,,
,RAM9451494,,,
,RAM4127744,,,
,RAM2794881,,,
,RAM9801934,,,
,RAM0933045,,,
,RAM3085311,,,
,RAM3169043,,,
,RAM3107089,,,
,RAM2077044,,,
,RAM7690651,,,
,RAM9444188,,,
,RAM7416080,,,
,RAM9486760,,,
,RAM1746994,,,
,RAM0988917,,,
,RAM1516168,,,
,RAM3507528,,,
,RAM9146885,,,
,RAM6910583,,,
,RAM0008198,,,
,RAM0747463,,,
,RAM7172608,,,
,RAM0004406,,,
,RAM0099175,,,
,RAM8720927,,,
,RAM5631645,,,
,RAM7122084,,,
,RAM6523365,,,
,RAM4060039,,,
,RAM8909458,,,
,RAM8809535,,,
,RAM3306175,,,
,RAM6209290,,,
,RAM9014016,,,
,RAM2176939,,,
,RAM8778595,,,
,RAM8409827,,,
,RAM1720562,,,
,RAM8204504,,,
,RAM6889360,,,
,RAM8460727,,,
,RAM9904857,,,
,RAM6406720,,,
,RAM0371303,,,
,RAM7408753,,,
,RAM1814193,,,
,RAM6109926,,,
,RAM4906199,,,
,RAM5890218,,,
,RAM2732654,,,
,RAM8106836,,,
,RAM5160668,,,
,RAM5049012,,,
,RAM1273392,,,
,RAM6158332,,,
,RAM6028187,,,
,RAM6073451,,,
,RAM8739678,,,
,RAM0985116,,,
,RAM8124989,,,
,RAM2336595,,,
,RAM5056404,,,
,RAM3109759,,,
,RAM9991665,,,
,RAM7056195,,,
,RAM0749657,,,
,RAM2650358,,,
,RAM0076667,,,
,RAM4670645,,,
,RAM6615651,,,
,RAM2327437,,,
,RAM9283041,,,
,RAM8495694,,,
,RAM3233650,,,
,RAM9616329,,,
,RAM4580238,,,
,RAM6269666,,,
,RAM8089931,,,
,RAM9327045,,,
,RAM9270341,,,
,RAM1130945,,,
,RAM1659222,,,
,RAM9840116,,,
,RAM5943327,,,
,RAM8427648,,,
,RAM5610546,,,
,RAM9336148,,,
,RAM5031347,,,
,RAM6575397,,,
,RAM8998453,,,
,RAM8637745,,,
,RAM6929818,,,
,RAM7059923,,,
,RAM8492950,,,
,RAM3612900,,,
,RAM4912173,,,
,RAM8981770,,,
,RAM5877376,,,
,RAM8370264,,,
,RAM2791851,,,
,RAM3486468,,,
,RAM2597508,,,
,RAM8589333,,,
,RAM6717396,,,
,RAM6587869,,,
,RAM1942000,,,
,RAM5373624,,,
,RAM3843621,,,
,RAM9819744,,,
,RAM6509992,,,
,RAM8553293,,,
,RAM6800691,,,
,RAM5215500,,,
,RAM6588249,,,
,RAM9692275,,,
,RAM6078364,,,
,RAM6605601,,,
,RAM9272822,,,
,RAM1700856,,,
,RAM0493478,,,
,RAM0088038,,,
,RAM0079815,,,
,RAM2978595,,,
,RAM8342233,,,
,RAM3061921,,,
,RAM5828670,,,
,RAM1736590,,,
,RAM6790677,,,
,RAM2036636,,,
,RAM3456984,,,
,RAM6502502,,,
,RAM0691538,,,
,RAM9673147,,,
,RAM9634038,,,
,RAM3327755,,,
,RAM7982429,,,
,RAM9994025,,,
,RAM2320904,,,
,RAM1411047,,,
,RAM5696752,,,
,RAM8937090,,,
,RAM3768723,,,
,RAM6186855,,,
,RAM2608432,,,
,RAM2873315,,,
,RAM3038719,,,
,RAM9569008,,,
,RAM1243964,,,
,RAM9533239,,,
,RAM2822382,,,
,RAM8481309,,,
,RAM9196960,,,
,RAM1202053,,,
,RAM7656752,,,
,RAM0521425,,,
,RAM7119607,,,
,RAM5676880,,,
,RAM0530861,,,
,RAM9228183,,,
,RAM2747129,,,
,RAM2553345,,,
,RAM1767122,,,
,RAM1864918,,,
,RAM2218438,,,
,RAM3730927,,,
,RAM2531589,,,
,RAM6382021,,,
,RAM5505221,,,
,RAM3523953,,,
,RAM3732316,,,
,RAM8034283,,,
,RAM5088897,,,
,RAM1509635,,,
,RAM0900281,,,
,RAM6063200,,,
,RAM5459048,,,
,RAM8779542,,,
,RAM7433906,,,
,RAM1614089,,,
,RAM0751905,,,
,RAM6354550,,,
,RAM4733858,,,
,RAM2590902,,,
,RAM6044189,,,
,RAM0453310,,,
,RAM8178533,,,
,RAM2442989,,,
,RAM4145620,,,
,RAM6535573,,,
,RAM6047994,,,
,RAM2066531,,,
,RAM0678480,,,
,RAM4045741,,,
,RAM6367555,,,
,RAM8282122,,,
,RAM5264792,,,
,RAM7940868,,,
,RAM0260053,,,
,RAM3351082,,,
,RAM5771514,,,
,RAM8309038,,,
,RAM8305216,,,
,RAM4734204,,,
,RAM1098370,,,
,RAM0172461,,,
,RAM1428936,,,
,RAM4651018,,,
,RAM7693387,,,
,RAM8758442,,,
,RAM1030304,,,
,RAM3036190,,,
,RAM5901841,,,
,RAM8404103,,,
,RAM5097955,,,
,RAM1082915,,,
,RAM3021751,,,
,RAM5866781,,,
,RAM7217547,,,
,RAM7996503,,,
,RAM3841271,,,
,RAM7309811,,,
,RAM6051725,,,
,RAM6735747,,,
,RAM9286153,,,
,RAM1255170,,,
,RAM0404678,,,
,RAM1234107,,,
,RAM5985800,,,
,RAM6626880,,,
,RAM4745422,,,
,RAM4130591,,,
,RAM6731548,,,
,RAM2311247,,,
,RAM7799883,,,
,RAM3042161,,,
,RAM2453845,,,
,RAM8591482,,,
,RAM4433196,,,
,RAM2868301,,,
,RAM2804021,,,
,RAM0868509,,,
,RAM4643534,,,
,RAM5586536,,,
,RAM9834868,,,
,RAM3047137,,,
,RAM8629227,,,
,RAM5291913,,,
,RAM2925456,,,
,RAM5886636,,,
,RAM4044934,,,
,RAM7043940,,,
,RAM8260119,,,
,RAM6429533,,,
,RAM5928905,,,
,RAM1544573,,,
,RAM8783162,,,
,RAM7624707,,,
,RAM9517779,,,
,RAM6958327,,,
,RAM9993421,,,
,RAM2480453,,,
,RAM6019573,,,
,RAM3178297,,,
,RAM8432369,,,
,RAM9173210,,,
,RAM1248103,,,
,RAM8642291,,,
,RAM5130723,,,
,RAM5316093,,,
,RAM0567359,,,
,RAM5867453,,,
,RAM2463443,,,
,RAM3354581,,,
,RAM6413944,,,
,RAM5848786,,,
,RAM4261608,,,
,RAM5884949,,,
,RAM9005055,,,
,RAM2042383,,,
,RAM2281689,,,
,RAM1089116,,,
,RAM1708161,,,
,RAM4339573,,,
,RAM2615305,,,
,RAM2913251,,,
,RAM2765402,,,
,RAM1383513,,,
,RAM6542152,,,
,RAM6273867,,,
,RAM8293281,,,
,RAM0034580,,,
,RAM8244562,,,
,RAM0410215,,,
,RAM6119202,,,
,RAM3669235,,,
,RAM0245369,,,
,RAM0321960,,,
,RAM0460699,,,
,RAM8494989,,,
,RAM6198774,,,
,RAM9523334,,,
,RAM8010274,,,
,RAM5621331,,,
,RAM1359482,,,
,RAM7102328,,,
,RAM4659033,,,
,RAM2505297,,,
,RAM3326883,,,
,RAM1947906,,,
,RAM4683172,,,
,RAM5543925,,,
,RAM1154063,,,
,RAM3004601,,,
,RAM9162868,,,
,RAM6471132,,,
,RAM1989407,,,
,RAM8375544,,,
,RAM6241203,,,
,RAM9849783,,,
,RAM6151130,,,
,RAM7807858,,,
,RAM9560390,,,
,RAM1242003,,,
,RAM5620307,,,
,RAM3347942,,,
,RAM8383360,,,
,RAM8899917,,,
,RAM3882668,,,
,RAM4228659,,,
,RAM8914780,,,
,RAM1039941,,,
,RAM2066711,,,
,RAM1977476,,,
,RAM1532665,,,
,RAM0813240,,,
,RAM1727382,,,
,RAM3606388,,,
,RAM1631905,,,
,RAM2074993,,,
,RAM0708866,,,
,RAM0687126,,,
,RAM2784654,,,
,RAM0185008,,,
,RAM7417099,,,
,RAM5990717,,,
,RAM7848127,,,
,RAM7415007,,,
,RAM5272772,,,
,RAM3657922,,,
,RAM4140431,,,
,RAM2883968,,,
,RAM2387739,,,
,RAM0824001,,,
,RAM4005898,,,
,RAM5553492,,,
,RAM9444107,,,
,RAM3128833,,,
,RAM9045969,,,
,RAM8899294,,,
,RAM6626720,,,
,RAM7865869,,,
,RAM2763974,,,
,RAM1124960,,,
,RAM8266489,,,
,RAM1189717,,,
,RAM1604218,,,
,RAM6592252,,,
,RAM2945078,,,
,RAM2183820,,,
,RAM2126901,,,
,RAM8686278,,,
,RAM7723891,,,
,RAM8708567,,,
,RAM0916761,,,
,RAM5980671,,,
,RAM8791623,,,
,RAM5575787,,,
,RAM7909672,,,
,RAM3579103,,,
,RAM3142209,,,
,RAM5655970,,,
,RAM2313231,,,
,RAM4940568,,,
,RAM4438065,,,
,RAM7507680,,,
,RAM5859458,,,
,RAM2075237,,,
,RAM7479900,,,
,RAM8743354,,,
,RAM7125189,,,
,RAM9495589,,,
,RAM4017933,,,
,RAM8865380,,,
,RAM8664286,,,
,RAM8370354,,,
,RAM4097259,,,
,RAM4925657,,,
,RAM6435979,,,
,RAM3936980,,,
,RAM2541899,,,
,RAM1843226,,,
,RAM9408714,,,
,RAM6152975,,,
,RAM9756955,,,
,RAM2475698,,,
,RAM2475531,,,
,RAM0732593,,,
,RAM0182080,,,
,RAM9504424,,,
,RAM2352643,,,
,RAM5239796,,,
,RAM0155768,,,
,RAM8051152,,,
,RAM5720979,,,
,RAM9871395,,,
,RAM9268033,,,
,RAM3173491,,,
,RAM1738683,,,
,RAM4178502,,,
,RAM4429877,,,
,RAM1006193,,,
,RAM6622954,,,
,RAM7326278,,,
,RAM0799009,,,
,RAM0198472,,,
,RAM4406848,,,
,RAM3367885,,,
,RAM9941527,,,
,RAM2389881,,,
,RAM2166338,,,
,RAM9938028,,,
,RAM0501573,,,
,RAM7666484,,,
,RAM4526285,,,
,RAM7705176,,,
,RAM7927383,,,
,RAM1491773,,,
,RAM3751983,,,
,RAM0345979,,,
,RAM9929557,,,
,RAM6034854,,,
,RAM5704469,,,
,RAM6634977,,,
,RAM4510058,,,
,RAM6424686,,,
,RAM6567108,,,
,RAM7792508,,,
,RAM9528176,,,
,RAM9115633,,,
,RAM2337751,,,
,RAM2989526,,,
,RAM2568784,,,
,RAM7931316,,,
,RAM9520634,,,
,RAM8750937,,,
,RAM6515450,,,
,RAM1793295,,,
,RAM9411326,,,
,RAM5858735,,,
,RAM6593341,,,
,RAM2329195,,,
,RAM1558901,,,
,RAM4102058,,,
,RAM3510594,,,
,RAM7469793,,,
,RAM0137861,,,
,RAM3617637,,,
,RAM3795597,,,
,RAM2305898,,,
,RAM4636710,,,
,RAM9065372,,,
,RAM7182980,,,
,RAM9208470,,,
,RAM4965701,,,
,RAM1729495,,,
,RAM8814251,,,
,RAM8785581,,,
,RAM2941628,,,
,RAM0067124,,,
,RAM5860090,,,
,RAM0158968,,,
,RAM5828856,,,
,RAM8047820,,,
,RAM2040479,,,
,RAM2369935,,,
,RAM0796871,,,
,RAM6265115,,,
,RAM8749215,,,
,RAM5624503,,,
,RAM2966869,,,
,RAM1134368,,,
,RAM9879590,,,
,RAM7342979,,,
,RAM2998969,,,
,RAM1143756,,,
,RAM9033283,,,
,RAM9579517,,,
,RAM9449719,,,
,RAM5278168,,,
,RAM2636863,,,
,RAM3673724,,,
,RAM2644954,,,
,RAM8776716,,,
,RAM0402847,,,
,RAM3851699,,,
,RAM5244352,,,
,RAM3694853,,,
,RAM4439824,,,
,RAM1959080,,,
,RAM9842698,,,
,RAM9166183,,,
,RAM7264330,,,
,RAM2670157,,,
,RAM9580387,,,
,RAM5962056,,,
,RAM4981051,,,
,RAM6457484,,,
,RAM7742277,,,
,RAM7397631,,,
,RAM6617079,,,
,RAM8074303,,,
,RAM4668010,,,
,RAM1434951,,,
,RAM2130234,,,
,RAM5534480,,,
,RAM7745178,,,
,RAM2198371,,,
,RAM9027036,,,
,RAM0560379,,,
,RAM9811371,,,
,RAM4603376,,,
,RAM7688796,,,
,RAM6446979,,,
,RAM8932558,,,
,RAM2478147,,,
,RAM7673886,,,
,RAM4350631,,,
,RAM7559839,,,
,RAM1465224,,,
,RAM0955793,,,
,RAM6091317,,,
,RAM7231293,,,
,RAM7354220,,,
,RAM5512827,,,
,RAM8658995,,,
,RAM7164062,,,
,RAM2234286,,,
,RAM5083420,,,
,RAM4931255,,,
,RAM6878411,,,
,RAM3098515,,,
,RAM8795918,,,
,RAM4780734,,,
,RAM8449986,,,
,RAM2711829,,,
,RAM6920258,,,
,RAM3654212,,,
,RAM6525022,,,
,RAM7794479,,,
,RAM3705171,,,
,RAM5977497,,,
,RAM3627731,,,
,RAM1430808,,,
,RAM5344942,,,
,RAM1983427,,,
,RAM8078634,,,
,RAM8978651,,,
,RAM9752868,,,
,RAM2699180,,,
,RAM4937312,,,
,RAM1207029,,,
,RAM3789684,,,
,RAM0860525,,,
,RAM9034446,,,
,RAM4648882,,,
,RAM6579510,,,
,RAM2373187,,,
,RAM2675620,,,
,RAM1298633,,,
,RAM3430115,,,
,RAM0951347,,,
,RAM2853412,,,
,RAM2496222,,,
,RAM3253274,,,
,RAM5347140,,,
,RAM9826872,,,
,RAM3154686,,,
,RAM2634395,,,
,RAM7957781,,,
,RAM8283243,,,
,RAM7240959,,,
,RAM7867815,,,
,RAM2680966,,,
,RAM9128292,,,
,RAM3332664,,,
,RAM1766163,,,
,RAM7125873,,,
,RAM6160454,,,
,RAM2140095,,,
,RAM2056648,,,
,RAM0618542,,,
,RAM6990055,,,
,RAM8632155,,,
,RAM9649016,,,
,RAM2210966,,,
,RAM8122379,,,
,RAM9727702,,,
,RAM8328926,,,
,RAM7742928,,,
,RAM7083937,,,
,RAM4590777,,,
,RAM0617616,,,
,RAM6798527,,,
,RAM5164798,,,
,RAM8436339,,,
,RAM7395967,,,
,RAM7208417,,,
,RAM5733225,,,
,RAM9074210,,,
,RAM6003944,,,
,RAM4711972,,,
,RAM7312141,,,
,RAM3045838,,,
,RAM9133891,,,
,RAM9576776,,,
,RAM9829227,,,
,RAM7445984,,,
,RAM4507392,,,
,RAM9808835,,,
,RAM7330331,,,
,RAM4006863,,,
,RAM2944602,,,
,RAM9408673,,,
,RAM5326171,,,
,RAM0189329,,,
,RAM1877103,,,
,RAM3070717,,,
,RAM4794141,,,
,RAM8088547,,,
,RAM8729620,,,
,RAM1167661,,,
,RAM0958468,,,
,RAM0606241,,,
,RAM6932987,,,
,RAM8191211,,,
,RAM4273822,,,
,RAM7580463,,,
,RAM9316750,,,
,RAM7069133,,,
,RAM6333270,,,
,RAM7113533,,,
,RAM0665283,,,
,RAM2334832,,,
,RAM9032635,,,
,RAM0549594,,,
,RAM9564184,,,
,RAM2416703,,,
,RAM4201681,,,
,RAM3351045,,,
,RAM6182734,,,
,RAM4198910,,,
,RAM1149415,,,
,RAM4428574,,,
,RAM2779750,,,
,RAM6483451,,,
,RAM6102212,,,
,RAM0646344,,,
,RAM1164845,,,
,RAM6220351,,,
,RAM6990633,,,
,RAM4667700,,,
,RAM2526061,,,
,RAM0099614,,,
,RAM4424798,,,
,RAM2408725,,,
,RAM5696135,,,
,RAM4382733,,,
,RAM2128685,,,
,RAM4298701,,,
,RAM8180822,,,
,RAM6663064,,,
,RAM6161216,,,
,RAM7289325,,,
,RAM9307733,,,
,RAM4625159,,,
,RAM8927317,,,
,RAM7908217,,,
,RAM1402908,,,
,RAM3371750,,,
,RAM2394871,,,
,RAM1180494,,,
,RAM7817249,,,
,RAM4897457,,,
,RAM5894022,,,
,RAM6970636,,,
,RAM5877046,,,
,RAM0003218,,,
,RAM8517810,,,
,RAM6503935,,,
,RAM1070031,,,
,RAM7153514,,,
,RAM3299652,,,
,RAM7232413,,,
,RAM6145549,,,
,RAM8917253,,,
,RAM8865856,,,
,RAM4366870,,,
,RAM8626586,,,
,RAM0675237,,,
,RAM7417636,,,
,RAM3195820,,,
,RAM9710597,,,
,RAM9980603,,,
,RAM4871148,,,
,RAM3498504,,,
,RAM7189094,,,
,RAM7368701,,,
,RAM7449455,,,
,RAM6216383,,,
,RAM3532320,,,
,RAM1198975,,,
,RAM0720581,,,
,RAM2615975,,,
,RAM4761711,,,
,RAM8946821,,,
,RAM8067308,,,
,RAM5719965,,,
,RAM7652948,,,
,RAM9408932,,,
,RAM0528753,,,
,RAM4993014,,,
,RAM4747879,,,
,RAM0114845,,,
,RAM4208089,,,
,RAM4290112,,,
